{
  "updateBooking" : {
    "transaction" : "updateBooking",
    "sampleCount" : 100,
    "errorCount" : 0,
    "errorPct" : 0.0,
    "meanResTime" : 242.94999999999996,
    "medianResTime" : 243.0,
    "minResTime" : 227.0,
    "maxResTime" : 260.0,
    "pct1ResTime" : 253.0,
    "pct2ResTime" : 255.0,
    "pct3ResTime" : 259.98,
    "throughput" : 10.404744563520964,
    "receivedKBytesPerSec" : 9.322000832379564,
    "sentKBytesPerSec" : 4.480949563000728
  },
  "auth" : {
    "transaction" : "auth",
    "sampleCount" : 100,
    "errorCount" : 0,
    "errorPct" : 0.0,
    "meanResTime" : 986.02,
    "medianResTime" : 971.0,
    "minResTime" : 903.0,
    "maxResTime" : 1452.0,
    "pct1ResTime" : 1013.7,
    "pct2ResTime" : 1136.199999999999,
    "pct3ResTime" : 1451.92,
    "throughput" : 9.272137227630969,
    "receivedKBytesPerSec" : 7.026903685674548,
    "sentKBytesPerSec" : 2.1912668057487252
  },
  "Total" : {
    "transaction" : "Total",
    "sampleCount" : 600,
    "errorCount" : 0,
    "errorPct" : 0.0,
    "meanResTime" : 366.9033333333333,
    "medianResTime" : 245.0,
    "minResTime" : 227.0,
    "maxResTime" : 1452.0,
    "pct1ResTime" : 963.8,
    "pct2ResTime" : 984.9499999999999,
    "pct3ResTime" : 1044.97,
    "throughput" : 49.75124378109453,
    "receivedKBytesPerSec" : 61.34156690505804,
    "sentKBytesPerSec" : 14.486486836650082
  },
  "deleteBooking" : {
    "transaction" : "deleteBooking",
    "sampleCount" : 100,
    "errorCount" : 0,
    "errorPct" : 0.0,
    "meanResTime" : 242.88000000000002,
    "medianResTime" : 243.5,
    "minResTime" : 227.0,
    "maxResTime" : 267.0,
    "pct1ResTime" : 252.0,
    "pct2ResTime" : 255.0,
    "pct3ResTime" : 266.92999999999995,
    "throughput" : 10.345541071798054,
    "receivedKBytesPerSec" : 7.612055141733912,
    "sentKBytesPerSec" : 2.414633121249741
  },
  "getBooking" : {
    "transaction" : "getBooking",
    "sampleCount" : 100,
    "errorCount" : 0,
    "errorPct" : 0.0,
    "meanResTime" : 243.18999999999994,
    "medianResTime" : 244.0,
    "minResTime" : 227.0,
    "maxResTime" : 261.0,
    "pct1ResTime" : 252.0,
    "pct2ResTime" : 255.89999999999998,
    "pct3ResTime" : 260.96999999999997,
    "throughput" : 10.447137484329295,
    "receivedKBytesPerSec" : 33.27841784632261,
    "sentKBytesPerSec" : 1.3977127298370249
  },
  "partialUpdateBooking" : {
    "transaction" : "partialUpdateBooking",
    "sampleCount" : 100,
    "errorCount" : 0,
    "errorPct" : 0.0,
    "meanResTime" : 243.39,
    "medianResTime" : 243.0,
    "minResTime" : 228.0,
    "maxResTime" : 266.0,
    "pct1ResTime" : 252.0,
    "pct2ResTime" : 257.9,
    "pct3ResTime" : 265.93999999999994,
    "throughput" : 10.382059800664452,
    "receivedKBytesPerSec" : 9.32195416320598,
    "sentKBytesPerSec" : 2.919954318936877
  },
  "createBooking" : {
    "transaction" : "createBooking",
    "sampleCount" : 100,
    "errorCount" : 0,
    "errorPct" : 0.0,
    "meanResTime" : 242.98999999999998,
    "medianResTime" : 243.5,
    "minResTime" : 227.0,
    "maxResTime" : 263.0,
    "pct1ResTime" : 253.0,
    "pct2ResTime" : 254.95,
    "pct3ResTime" : 262.99,
    "throughput" : 10.426441455531227,
    "receivedKBytesPerSec" : 9.643643780627672,
    "sentKBytesPerSec" : 4.500475706391409
  }
}